,Prediction,lgas,general facility attendance,general outpatient attendance,antenatal attendance total, caesarean section,pregnacy outcome-birth asphyxia,pregnacy outcome--neonatal-jaundice,pregnacy outcome—neonatal-sepsis,pregnacy outcome-neonatal-taetanus nhmis,pregnacy outcome-discharged newborns after kmc,pregnacy outcome-newborns placed on kmc,utilization facility attendance , ututilization outpatient attendance,incubators,oral pill cycle  (packets),sterilization total,iucd inserted,implant,female 15-49 yrs using mod contraceptives,fp clients counserlled,new fp acceptors,functional beds,inpatient days – total ,inpatient discharges – total,inpatient admissions,antenatal total attendance,ancsyphilis case treated,anc syphilis test done,pregnant women  receiving llin,pregnant women receiving  hematinic,pregnant women who received malaria ipt1,women who received malaria ipt2,assisted,caesarean section,complications,hiv positive women,normal,deliveries by  skilled birth attendant,deliveries monitors partogran,live birth by hiv positive women,post natal visit total,hepatitis b vaccine 0  birth,bcg,oral polio vaccine 0 given,oral polio vaccine  1 given,oral polio vaccine  2 given,oral polio vaccine  3 given,pentavalent  vaccine 1 given,pnetavmococal vaccine (pcv) 2,pnetavmococal vaccine (pcv) 3,pnetavmococal vaccine (pcv) 2 ,pnetavmococal vaccine (pcv) 2.2,yellow fever vaccine given,inactivated polio vaccine (ipv)n,conjugate a csm vaccine given,measles vaccine 1 given,fully immunized children under 1 year,tetanue toxoid dose 2,tetanue toxoid dose 1 3,tetanue toxoid dose 5,children 0-59 months weighed,children 0-6 months  exclusivelly  breastfed,children 12-59 month given deworming medication,vitamin a children 12-59 months (200.000iu) ,"vitamin a children 6-11 months (100,000iu) ",art patients receiving arv refill ,hiv positive receiving cotrimoxazole  prophylaxis version 2013 ,hiv couples counseled tested & receiving results seroi,indiviuals hiv counseled tested and received  results,new arthritis,new cases of asthma,new mdiabetes mellitus case,new hypertension case,new sickle cell disease case,anc women with previously known hiv status (at anc),pregnant women who received  hiv counseling  and testing and result (at anc),individual clinically screened  for tb,individuals clinically screened for tb score 1+ (tb  suspects),individuals started on tb treatment (hiv unknown),individuals started on tb treatment ((hiv-ve),registered tb patients screened for hiv,tb patients with hiv  receiving art,confirmed dr-tb patients enrolled for treatment,dr-tb suspects tested for dr-tb,suspects screened for tb,tb cases (call forms) notifed
0,0,9,0.0386373460004344,0.0257665515698361,0.0199312502890262,0.0081145584725537,0.0084745762711864,0.0144927536231884,0.013262599469496,0.0,0.0,0.0044444444444444,0.0244586202883832,0.0201763065128003,0.0384615384615384,0.0326218284333467,0.0381604696673189,0.0563294972743791,0.0176513851434175,0.0241545893719806,0.027835823837874,0.0171505942530464,0.0156899557462786,0.0154318399114346,0.016872956562354,0.0148552170635448,0.0206375153248876,0.0160965794768611,0.0245872848612574,0.0256692335900256,0.019776493256262,0.0267476724001893,0.0251981545013604,0.0222929936305732,0.0167064439140811,0.0106382978723404,0.0178571428571428,0.016030534351145,0.0201233365790327,0.02367941712204,0.0170454545454545,0.0493351783887852,0.0060665068903535,0.0,0.0073633320937151,0.0,0.0,0.0,0.0,0.0,0.0,0.0,0.0911336539094921,0.0,0.0,0.0220410357494848,0.0,0.0696883032255728,0.0067790399413704,0.0374075231843284,0.0396124251923625,0.1311892628758315,0.0573571914314858,0.0523599927893282,0.0479205322837597,0.0757323481970966,0.0185901568880292,0.0149789678875551,0.0,0.0025018012969337,0.0226277372262773,0.0255972696245733,0.0324295587453482,0.0300925925925925,0.0130718954248366,0.0097159940209267,0.0230605846060483,0.0216640502354788,0.0193735873425896,0.0132450331125827,0.055,0.0386904761904761,0.0096942580164056,0.0163934426229508,0.0212264150943396,0.0373423860329776,0.0415754923413566
1,0,16,0.0386373460004344,0.0257665515698361,0.0199312502890262,0.0081145584725537,0.0084745762711864,0.0144927536231884,0.013262599469496,0.0,0.0,0.0044444444444444,0.0244586202883832,0.0201763065128003,0.0384615384615384,0.0326218284333467,0.0381604696673189,0.0563294972743791,0.0176513851434175,0.0241545893719806,0.027835823837874,0.0171505942530464,0.0156899557462786,0.0154318399114346,0.016872956562354,0.0148552170635448,0.0206375153248876,0.0160965794768611,0.0245872848612574,0.0256692335900256,0.019776493256262,0.0267476724001893,0.0251981545013604,0.0222929936305732,0.0167064439140811,0.0106382978723404,0.0178571428571428,0.016030534351145,0.0201233365790327,0.02367941712204,0.0170454545454545,0.0493351783887852,0.0060665068903535,0.0,0.0073633320937151,0.0,0.0,0.0,0.0,0.0,0.0,0.0,0.0911336539094921,0.0,0.0,0.0220410357494848,0.0,0.0696883032255728,0.0067790399413704,0.0374075231843284,0.0396124251923625,0.1311892628758315,0.0573571914314858,0.0523599927893282,0.0479205322837597,0.0757323481970966,0.0185901568880292,0.0149789678875551,0.0,0.0025018012969337,0.0226277372262773,0.0255972696245733,0.0324295587453482,0.0300925925925925,0.0130718954248366,0.0097159940209267,0.0230605846060483,0.0017268445839874,0.0045205037132709,0.0132450331125827,0.015,0.0200892857142857,0.0022371364653243,0.0027322404371584,0.0188679245283018,0.018913676042677,0.0007293946024799
2,0,2,0.0386373460004344,0.0257665515698361,0.0199312502890262,0.0081145584725537,0.0084745762711864,0.0144927536231884,0.013262599469496,0.0,0.0,0.0044444444444444,0.0244586202883832,0.0201763065128003,0.0384615384615384,0.0326218284333467,0.0381604696673189,0.0563294972743791,0.0176513851434175,0.0241545893719806,0.027835823837874,0.0171505942530464,0.0156899557462786,0.0154318399114346,0.016872956562354,0.0148552170635448,0.0206375153248876,0.0160965794768611,0.0245872848612574,0.0256692335900256,0.019776493256262,0.0267476724001893,0.0251981545013604,0.0222929936305732,0.0167064439140811,0.0106382978723404,0.0178571428571428,0.016030534351145,0.0201233365790327,0.02367941712204,0.0170454545454545,0.0493351783887852,0.0060665068903535,0.0,0.0073633320937151,0.0,0.0,0.0,0.0,0.0,0.0,0.0,0.0911336539094921,0.0,0.0,0.0220410357494848,0.0,0.0696883032255728,0.0067790399413704,0.0374075231843284,0.0396124251923625,0.1311892628758315,0.0573571914314858,0.0523599927893282,0.0479205322837597,0.0757323481970966,0.0185901568880292,0.0149789678875551,0.0,0.0025018012969337,0.0226277372262773,0.0255972696245733,0.0324295587453482,0.0300925925925925,0.0130718954248366,0.0097159940209267,0.0230605846060483,0.0216640502354788,0.0193735873425896,0.0132450331125827,0.055,0.0386904761904761,0.0096942580164056,0.0163934426229508,0.0212264150943396,0.0373423860329776,0.0415754923413566
3,0,11,0.1184158956890199,0.0852673830720835,0.0464445917407858,0.0081145584725537,0.0084745762711864,0.0144927536231884,0.013262599469496,0.0,0.0,0.0044444444444444,0.0244586202883832,0.0201763065128003,0.0384615384615384,0.0326218284333467,0.0381604696673189,0.0563294972743791,0.0176513851434175,0.0241545893719806,0.027835823837874,0.0171505942530464,0.0156899557462786,0.0154318399114346,0.016872956562354,0.0148552170635448,0.0206375153248876,0.0160965794768611,0.0245872848612574,0.0256692335900256,0.019776493256262,0.0267476724001893,0.0251981545013604,0.0222929936305732,0.0167064439140811,0.0106382978723404,0.0178571428571428,0.016030534351145,0.0201233365790327,0.02367941712204,0.0170454545454545,0.0493351783887852,0.0060665068903535,0.0,0.0073633320937151,0.0,0.0,0.0,0.0,0.0,0.0,0.0,0.0911336539094921,0.0,0.0,0.0220410357494848,0.0,0.0696883032255728,0.0067790399413704,0.0374075231843284,0.0396124251923625,0.1311892628758315,0.0573571914314858,0.0523599927893282,0.0479205322837597,0.0757323481970966,0.0185901568880292,0.0149789678875551,0.0,0.0025018012969337,0.0226277372262773,0.0255972696245733,0.0324295587453482,0.0300925925925925,0.0130718954248366,0.0097159940209267,0.0230605846060483,0.030298273155416,0.0771714562479819,0.0397350993377483,0.125,0.0811011904761904,0.0156599552572706,0.0464480874316939,0.0306603773584905,0.1411251212415131,0.1684901531728665
4,0,3,0.0386373460004344,0.0257665515698361,0.0199312502890262,0.0081145584725537,0.0084745762711864,0.0144927536231884,0.013262599469496,0.0,0.0,0.0044444444444444,0.0244586202883832,0.0201763065128003,0.0384615384615384,0.0326218284333467,0.0381604696673189,0.0563294972743791,0.0176513851434175,0.0241545893719806,0.027835823837874,0.0171505942530464,0.0156899557462786,0.0154318399114346,0.016872956562354,0.0148552170635448,0.0206375153248876,0.0160965794768611,0.0245872848612574,0.0256692335900256,0.019776493256262,0.0267476724001893,0.0251981545013604,0.0222929936305732,0.0167064439140811,0.0106382978723404,0.0178571428571428,0.016030534351145,0.0201233365790327,0.02367941712204,0.0170454545454545,0.0493351783887852,0.0060665068903535,0.0,0.0073633320937151,0.0,0.0,0.0,0.0,0.0,0.0,0.0,0.0911336539094921,0.0,0.0,0.0220410357494848,0.0,0.0696883032255728,0.0067790399413704,0.0374075231843284,0.0396124251923625,0.1311892628758315,0.0573571914314858,0.0523599927893282,0.0479205322837597,0.0757323481970966,0.0185901568880292,0.0149789678875551,0.0,0.0025018012969337,0.0226277372262773,0.0255972696245733,0.0324295587453482,0.0300925925925925,0.0130718954248366,0.0097159940209267,0.0230605846060483,0.0216640502354788,0.0193735873425896,0.0132450331125827,0.055,0.0386904761904761,0.0096942580164056,0.0163934426229508,0.0212264150943396,0.0373423860329776,0.0415754923413566
5,0,19,0.0386373460004344,0.0257665515698361,0.0199312502890262,0.0081145584725537,0.0084745762711864,0.0144927536231884,0.013262599469496,0.0,0.0,0.0044444444444444,0.0244586202883832,0.0201763065128003,0.0384615384615384,0.0326218284333467,0.0381604696673189,0.0563294972743791,0.0176513851434175,0.0241545893719806,0.027835823837874,0.0171505942530464,0.0156899557462786,0.0154318399114346,0.016872956562354,0.0148552170635448,0.0206375153248876,0.0160965794768611,0.0245872848612574,0.0256692335900256,0.019776493256262,0.0267476724001893,0.0251981545013604,0.0222929936305732,0.0167064439140811,0.0106382978723404,0.0178571428571428,0.016030534351145,0.0201233365790327,0.02367941712204,0.0170454545454545,0.0493351783887852,0.0060665068903535,0.0,0.0073633320937151,0.0,0.0,0.0,0.0,0.0,0.0,0.0,0.0911336539094921,0.0,0.0,0.0220410357494848,0.0,0.0696883032255728,0.0067790399413704,0.0374075231843284,0.0396124251923625,0.1311892628758315,0.0573571914314858,0.0523599927893282,0.0479205322837597,0.0757323481970966,0.0185901568880292,0.0149789678875551,0.0,0.0025018012969337,0.0226277372262773,0.0255972696245733,0.0324295587453482,0.0300925925925925,0.0130718954248366,0.0097159940209267,0.0230605846060483,0.0002616431187859,0.0009686793671294,0.0132450331125827,0.0175,0.0029761904761904,0.0007457121551081,0.0163934426229508,0.0212264150943396,0.0009699321047526,0.0014587892049598
6,1,11,0.1567912100709725,0.0629337002183945,0.0519014073651596,0.0,0.0084745762711864,0.0144927536231884,0.013262599469496,0.0,0.0,0.0044444444444444,0.1321908026278206,0.0468509946451744,0.0769230769230769,0.1474023358840113,0.0061154598825831,0.0,0.0350576121598431,0.0632354762789545,0.0650553956550881,0.0712351436738378,0.1488534263108488,0.0237851619504503,0.0311770200840728,0.0187131391069132,0.0477406737112499,0.0503018108651911,0.0273094485423252,0.1679501283461679,0.0395684007707129,0.1175635158592393,0.1433810481485863,0.001592356687898,0.0,0.0026595744680851,0.0178571428571428,0.0071973827699018,0.0055176890619928,0.0093098563043918,0.0284090909090909,0.0221406654232597,0.0793514080287597,0.2979734341366095,0.0783190777240609,0.4002203452074918,0.3008683068017366,0.3975396950165069,0.3936842105263157,0.3087394632303071,0.3961736629787913,0.2249216300940438,0.4479942032804163,0.3447827500270885,0.3344520058419564,0.0220410357494848,0.3438118901011847,0.1823842450132136,0.1156101135947233,0.21329582161092,0.3094898831575947,0.1897367789797626,0.0932505950357021,0.3599026559307775,0.2433286477368569,0.3009521827358343,0.0185901568880292,0.0149789678875551,0.0,0.0025018012969337,0.0532846715328467,0.0375426621160409,0.0404040404040404,0.0703703703703703,0.0130718954248366,0.023168908819133,0.0270051582886618,0.0216640502354788,0.0193735873425896,0.0132450331125827,0.055,0.0386904761904761,0.0096942580164056,0.0163934426229508,0.0212264150943396,0.0373423860329776,0.0415754923413566
7,0,16,0.0193769022487687,0.0047619365653948,0.0071216068318098,0.0081145584725537,0.0084745762711864,0.0144927536231884,0.0,0.0,0.0,0.0044444444444444,0.0023718091127402,0.003545023790938,0.0384615384615384,0.3902537253322594,0.0381604696673189,0.0254391278013325,0.2951703848982593,0.0808249721293199,0.0663170760556716,0.096660147434933,0.0728174869250368,0.0051495378834896,0.0096917328351237,0.0077158440867367,0.0053418179695253,0.0160965794768611,0.0032490340709518,0.0352035203520352,0.0056107899807321,0.0,0.0165621672778895,0.0047770700636942,0.0167064439140811,0.0106382978723404,0.0178571428571428,0.0031624863685932,0.0,0.0004047763610605,0.0170454545454545,0.0166656639191384,0.1128295386458957,0.0635270646296004,0.1227593901078467,0.092985677561513,0.1031837916063675,0.0943640936959597,0.0941560798548094,0.1059974808642573,0.0964572432799456,0.0617629496939841,0.181608589684474,0.0973381009137862,0.0793325254031882,0.0220410357494848,0.0984480213172014,0.1915070774354704,0.0851960425064125,0.2086068563092633,0.3696209746366486,0.1072454525775065,0.0258840530431825,0.0,0.0,0.0,0.0185901568880292,0.0149789678875551,0.0,0.0025018012969337,0.0145985401459854,0.0051194539249146,0.0212652844231791,0.0194444444444444,0.0130718954248366,0.0064773293472845,0.0029331445332254,0.0216640502354788,0.0193735873425896,0.0132450331125827,0.055,0.0386904761904761,0.0096942580164056,0.0163934426229508,0.0212264150943396,0.0373423860329776,0.0415754923413566
8,0,18,0.0386373460004344,0.0257665515698361,0.0199312502890262,0.0081145584725537,0.0084745762711864,0.0144927536231884,0.013262599469496,0.0,0.0,0.0044444444444444,0.0244586202883832,0.0201763065128003,0.0384615384615384,0.0326218284333467,0.0381604696673189,0.0563294972743791,0.0176513851434175,0.0241545893719806,0.027835823837874,0.0171505942530464,0.0156899557462786,0.0154318399114346,0.016872956562354,0.0148552170635448,0.0206375153248876,0.0160965794768611,0.0245872848612574,0.0256692335900256,0.019776493256262,0.0267476724001893,0.0251981545013604,0.0222929936305732,0.0167064439140811,0.0106382978723404,0.0178571428571428,0.016030534351145,0.0201233365790327,0.02367941712204,0.0170454545454545,0.0493351783887852,0.0060665068903535,0.0,0.0073633320937151,0.0,0.0,0.0,0.0,0.0,0.0,0.0,0.0911336539094921,0.0,0.0,0.0220410357494848,0.0,0.0696883032255728,0.0067790399413704,0.0374075231843284,0.0396124251923625,0.1311892628758315,0.0573571914314858,0.0523599927893282,0.0479205322837597,0.0757323481970966,0.0185901568880292,0.0149789678875551,0.0,0.0025018012969337,0.0226277372262773,0.0255972696245733,0.0324295587453482,0.0300925925925925,0.0130718954248366,0.0097159940209267,0.0230605846060483,0.0052851909994767,0.0025831449790119,0.0,0.0025,0.0029761904761904,0.0096942580164056,0.0163934426229508,0.0212264150943396,0.0067895247332686,0.0415754923413566
9,0,4,0.0386373460004344,0.0257665515698361,0.0199312502890262,0.0081145584725537,0.0084745762711864,0.0144927536231884,0.013262599469496,0.0,0.0,0.0044444444444444,0.0244586202883832,0.0201763065128003,0.0384615384615384,0.0326218284333467,0.0381604696673189,0.0563294972743791,0.0176513851434175,0.0241545893719806,0.027835823837874,0.0171505942530464,0.0156899557462786,0.0154318399114346,0.016872956562354,0.0148552170635448,0.0206375153248876,0.0160965794768611,0.0245872848612574,0.0256692335900256,0.019776493256262,0.0267476724001893,0.0251981545013604,0.0222929936305732,0.0167064439140811,0.0106382978723404,0.0178571428571428,0.016030534351145,0.0201233365790327,0.02367941712204,0.0170454545454545,0.0493351783887852,0.0060665068903535,0.0,0.0073633320937151,0.0,0.0,0.0,0.0,0.0,0.0,0.0,0.0911336539094921,0.0,0.0,0.0220410357494848,0.0,0.0696883032255728,0.0067790399413704,0.0374075231843284,0.0396124251923625,0.1311892628758315,0.0573571914314858,0.0523599927893282,0.0479205322837597,0.0757323481970966,0.0185901568880292,0.0149789678875551,0.0,0.0025018012969337,0.0226277372262773,0.0255972696245733,0.0324295587453482,0.0300925925925925,0.0130718954248366,0.0097159940209267,0.0230605846060483,0.018785975928833,0.0080723280594123,0.0132450331125827,0.01,0.003720238095238,0.0,0.0027322404371584,0.0047169811320754,0.0033947623666343,0.0036469730123997
10,0,12,0.0386373460004344,0.0257665515698361,0.0199312502890262,0.0081145584725537,0.0084745762711864,0.0144927536231884,0.013262599469496,0.0,0.0,0.0044444444444444,0.0244586202883832,0.0201763065128003,0.0384615384615384,0.0326218284333467,0.0381604696673189,0.0563294972743791,0.0176513851434175,0.0241545893719806,0.027835823837874,0.0171505942530464,0.0156899557462786,0.0154318399114346,0.016872956562354,0.0148552170635448,0.0206375153248876,0.0160965794768611,0.0245872848612574,0.0256692335900256,0.019776493256262,0.0267476724001893,0.0251981545013604,0.0222929936305732,0.0167064439140811,0.0106382978723404,0.0178571428571428,0.016030534351145,0.0201233365790327,0.02367941712204,0.0170454545454545,0.0493351783887852,0.0060665068903535,0.0,0.0073633320937151,0.0,0.0,0.0,0.0,0.0,0.0,0.0,0.0911336539094921,0.0,0.0,0.0220410357494848,0.0,0.0696883032255728,0.0067790399413704,0.0374075231843284,0.0396124251923625,0.1311892628758315,0.0573571914314858,0.0523599927893282,0.0479205322837597,0.0757323481970966,0.0185901568880292,0.0149789678875551,0.0,0.0025018012969337,0.0226277372262773,0.0255972696245733,0.0324295587453482,0.0300925925925925,0.0130718954248366,0.0097159940209267,0.0230605846060483,0.0216640502354788,0.0193735873425896,0.0132450331125827,0.055,0.0386904761904761,0.0096942580164056,0.0163934426229508,0.0,0.004364694471387,0.0036469730123997
11,0,13,0.0386373460004344,0.0257665515698361,0.0199312502890262,0.0081145584725537,0.0084745762711864,0.0144927536231884,0.013262599469496,0.0,0.0,0.0044444444444444,0.0244586202883832,0.0201763065128003,0.0384615384615384,0.0326218284333467,0.0381604696673189,0.0563294972743791,0.0176513851434175,0.0241545893719806,0.027835823837874,0.0171505942530464,0.0156899557462786,0.0154318399114346,0.016872956562354,0.0148552170635448,0.0206375153248876,0.0160965794768611,0.0245872848612574,0.0256692335900256,0.019776493256262,0.0267476724001893,0.0251981545013604,0.0222929936305732,0.0167064439140811,0.0106382978723404,0.0178571428571428,0.016030534351145,0.0201233365790327,0.02367941712204,0.0170454545454545,0.0493351783887852,0.0060665068903535,0.0,0.0073633320937151,0.0,0.0,0.0,0.0,0.0,0.0,0.0,0.0911336539094921,0.0,0.0,0.0220410357494848,0.0,0.0696883032255728,0.0067790399413704,0.0374075231843284,0.0396124251923625,0.1311892628758315,0.0573571914314858,0.0523599927893282,0.0479205322837597,0.0757323481970966,0.0185901568880292,0.0149789678875551,0.0,0.0025018012969337,0.0226277372262773,0.0255972696245733,0.0324295587453482,0.0300925925925925,0.0130718954248366,0.0097159940209267,0.0230605846060483,0.0051805337519623,0.022279625443978,0.0,0.045,0.0119047619047619,0.0007457121551081,0.0,0.0212264150943396,0.0470417070805043,0.0182348650619985
12,0,1,1.0,0.0897888852526898,0.0606415612041989,0.0081145584725537,0.1186440677966101,0.0144927536231884,0.013262599469496,0.0,0.0,0.0044444444444444,0.0244586202883832,0.0201763065128003,0.0384615384615384,0.0326218284333467,0.0381604696673189,0.0563294972743791,0.0176513851434175,0.0241545893719806,0.027835823837874,0.0171505942530464,0.0156899557462786,0.0154318399114346,0.016872956562354,0.0148552170635448,0.0206375153248876,0.0160965794768611,0.0245872848612574,0.0256692335900256,0.019776493256262,0.0267476724001893,0.0251981545013604,0.0222929936305732,0.0167064439140811,0.0106382978723404,0.0178571428571428,0.016030534351145,0.0201233365790327,0.02367941712204,0.0170454545454545,0.0493351783887852,0.0060665068903535,0.0,0.0073633320937151,0.0,0.0,0.0,0.0,0.0,0.0,0.0,0.0911336539094921,0.0,0.0,0.0220410357494848,0.0,0.0696883032255728,0.0067790399413704,0.0374075231843284,0.0396124251923625,0.1311892628758315,0.0573571914314858,0.0523599927893282,0.0479205322837597,0.0757323481970966,0.0185901568880292,0.0149789678875551,0.0,0.0025018012969337,0.0226277372262773,0.0255972696245733,0.0324295587453482,0.0300925925925925,0.0130718954248366,0.0097159940209267,0.0230605846060483,0.0324960753532182,0.1159186309331611,0.0132450331125827,0.295,0.1629464285714285,0.0439970171513795,0.1147540983606557,0.0212264150943396,0.3040737148399612,0.3326039387308533
13,0,12,0.0386373460004344,0.0257665515698361,0.0199312502890262,0.0081145584725537,0.0084745762711864,0.0144927536231884,0.013262599469496,0.0,0.0,0.0044444444444444,0.0244586202883832,0.0201763065128003,0.0384615384615384,0.0326218284333467,0.0381604696673189,0.0563294972743791,0.0176513851434175,0.0241545893719806,0.027835823837874,0.0171505942530464,0.0156899557462786,0.0154318399114346,0.016872956562354,0.0148552170635448,0.0206375153248876,0.0160965794768611,0.0245872848612574,0.0256692335900256,0.019776493256262,0.0267476724001893,0.0251981545013604,0.0222929936305732,0.0167064439140811,0.0106382978723404,0.0178571428571428,0.016030534351145,0.0201233365790327,0.02367941712204,0.0170454545454545,0.0493351783887852,0.0060665068903535,0.0,0.0073633320937151,0.0,0.0,0.0,0.0,0.0,0.0,0.0,0.0911336539094921,0.0,0.0,0.0220410357494848,0.0,0.0696883032255728,0.0067790399413704,0.0374075231843284,0.0396124251923625,0.1311892628758315,0.0573571914314858,0.0523599927893282,0.0479205322837597,0.0757323481970966,0.0185901568880292,0.0149789678875551,0.0,0.0025018012969337,0.0226277372262773,0.0255972696245733,0.0324295587453482,0.0300925925925925,0.0130718954248366,0.0097159940209267,0.0230605846060483,0.0223966509680795,0.0361640297061672,0.0,0.015,0.0119047619047619,0.0037285607755406,0.0,0.0094339622641509,0.018913676042677,0.0313639679066374
14,0,12,0.0386373460004344,0.0257665515698361,0.0199312502890262,0.0081145584725537,0.0084745762711864,0.0144927536231884,0.013262599469496,0.0,0.0,0.0044444444444444,0.0244586202883832,0.0201763065128003,0.0384615384615384,0.0326218284333467,0.0381604696673189,0.0563294972743791,0.0176513851434175,0.0241545893719806,0.027835823837874,0.0171505942530464,0.0156899557462786,0.0154318399114346,0.016872956562354,0.0148552170635448,0.0206375153248876,0.0160965794768611,0.0245872848612574,0.0256692335900256,0.019776493256262,0.0267476724001893,0.0251981545013604,0.0222929936305732,0.0167064439140811,0.0106382978723404,0.0178571428571428,0.016030534351145,0.0201233365790327,0.02367941712204,0.0170454545454545,0.0493351783887852,0.0060665068903535,0.0,0.0073633320937151,0.0,0.0,0.0,0.0,0.0,0.0,0.0,0.0911336539094921,0.0,0.0,0.0220410357494848,0.0,0.0696883032255728,0.0067790399413704,0.0374075231843284,0.0396124251923625,0.1311892628758315,0.0573571914314858,0.0523599927893282,0.0479205322837597,0.0757323481970966,0.0185901568880292,0.0149789678875551,0.0,0.0025018012969337,0.0226277372262773,0.0255972696245733,0.0324295587453482,0.0300925925925925,0.0130718954248366,0.0097159940209267,0.0230605846060483,0.0216640502354788,0.0193735873425896,0.0132450331125827,0.055,0.0386904761904761,0.0096942580164056,0.0163934426229508,0.0212264150943396,0.0373423860329776,0.0415754923413566
15,0,2,0.0386373460004344,0.0257665515698361,0.0199312502890262,0.0081145584725537,0.0084745762711864,0.0144927536231884,0.013262599469496,0.0,0.0,0.0044444444444444,0.0244586202883832,0.0201763065128003,0.0384615384615384,0.0326218284333467,0.0381604696673189,0.0563294972743791,0.0176513851434175,0.0241545893719806,0.027835823837874,0.0171505942530464,0.0156899557462786,0.0154318399114346,0.016872956562354,0.0148552170635448,0.0206375153248876,0.0160965794768611,0.0245872848612574,0.0256692335900256,0.019776493256262,0.0267476724001893,0.0251981545013604,0.0222929936305732,0.0167064439140811,0.0106382978723404,0.0178571428571428,0.016030534351145,0.0201233365790327,0.02367941712204,0.0170454545454545,0.0493351783887852,0.0060665068903535,0.0,0.0073633320937151,0.0,0.0,0.0,0.0,0.0,0.0,0.0,0.0911336539094921,0.0,0.0,0.0220410357494848,0.0,0.0696883032255728,0.0067790399413704,0.0374075231843284,0.0396124251923625,0.1311892628758315,0.0573571914314858,0.0523599927893282,0.0479205322837597,0.0757323481970966,0.0185901568880292,0.0149789678875551,0.0,0.0025018012969337,0.0226277372262773,0.0255972696245733,0.0324295587453482,0.0300925925925925,0.0130718954248366,0.0097159940209267,0.0230605846060483,0.0216640502354788,0.0193735873425896,0.0132450331125827,0.055,0.0386904761904761,0.0096942580164056,0.0163934426229508,0.0212264150943396,0.0373423860329776,0.0415754923413566
16,0,7,0.0386373460004344,0.0257665515698361,0.0199312502890262,0.0081145584725537,0.0084745762711864,0.0144927536231884,0.013262599469496,0.0,0.0,0.0044444444444444,0.0244586202883832,0.0201763065128003,0.0384615384615384,0.0326218284333467,0.0381604696673189,0.0563294972743791,0.0176513851434175,0.0241545893719806,0.027835823837874,0.0171505942530464,0.0156899557462786,0.0154318399114346,0.016872956562354,0.0148552170635448,0.0206375153248876,0.0160965794768611,0.0245872848612574,0.0256692335900256,0.019776493256262,0.0267476724001893,0.0251981545013604,0.0222929936305732,0.0167064439140811,0.0106382978723404,0.0178571428571428,0.016030534351145,0.0201233365790327,0.02367941712204,0.0170454545454545,0.0493351783887852,0.0060665068903535,0.0,0.0073633320937151,0.0,0.0,0.0,0.0,0.0,0.0,0.0,0.0911336539094921,0.0,0.0,0.0220410357494848,0.0,0.0696883032255728,0.0067790399413704,0.0374075231843284,0.0396124251923625,0.1311892628758315,0.0573571914314858,0.0523599927893282,0.0479205322837597,0.0757323481970966,0.0185901568880292,0.0149789678875551,0.0,0.0025018012969337,0.0226277372262773,0.0255972696245733,0.0324295587453482,0.0300925925925925,0.0130718954248366,0.0097159940209267,0.0230605846060483,0.014495028780743,0.0113012592831772,0.0132450331125827,0.055,0.0386904761904761,0.0096942580164056,0.0163934426229508,0.0212264150943396,0.0373423860329776,0.0415754923413566
17,0,11,0.0386373460004344,0.0257665515698361,0.0199312502890262,0.0081145584725537,0.0084745762711864,0.0144927536231884,0.013262599469496,0.0,0.0,0.0044444444444444,0.0244586202883832,0.0201763065128003,0.0384615384615384,0.0326218284333467,0.0381604696673189,0.0563294972743791,0.0176513851434175,0.0241545893719806,0.027835823837874,0.0171505942530464,0.0156899557462786,0.0154318399114346,0.016872956562354,0.0148552170635448,0.0206375153248876,0.0160965794768611,0.0245872848612574,0.0256692335900256,0.019776493256262,0.0267476724001893,0.0251981545013604,0.0222929936305732,0.0167064439140811,0.0106382978723404,0.0178571428571428,0.016030534351145,0.0201233365790327,0.02367941712204,0.0170454545454545,0.0493351783887852,0.0060665068903535,0.0,0.0073633320937151,0.0,0.0,0.0,0.0,0.0,0.0,0.0,0.0911336539094921,0.0,0.0,0.0220410357494848,0.0,0.0696883032255728,0.0067790399413704,0.0374075231843284,0.0396124251923625,0.1311892628758315,0.0573571914314858,0.0523599927893282,0.0479205322837597,0.0757323481970966,0.0185901568880292,0.0149789678875551,0.0,0.0025018012969337,0.0226277372262773,0.0255972696245733,0.0324295587453482,0.0300925925925925,0.0130718954248366,0.0097159940209267,0.0230605846060483,0.0007849293563579,0.0164675492412011,0.0198675496688741,0.0124999999999999,0.0119047619047619,0.0022371364653243,0.0163934426229508,0.0094339622641509,0.011639185257032,0.0196936542669584
18,0,7,0.1006962874374875,0.0154278730239298,0.0145052641314568,0.0081145584725537,0.0,0.0144927536231884,0.013262599469496,0.0,0.0,0.0044444444444444,0.079196420070456,0.0114852804446941,0.0,0.0833668948852194,0.0009784735812133,0.0030284675953967,0.0156901201274822,0.0298525950699863,0.0388755273429799,0.0,0.0354029770685262,0.0013083516446651,0.0020434376459598,0.0015963815351869,0.012332885749314,0.0321931589537223,0.0128205128205128,0.0766409974330766,0.0076608863198458,0.0264320656462048,0.0184549863953625,0.019108280254777,0.0167064439140811,0.0106382978723404,0.0178571428571428,0.0078516902944383,0.0048685491723466,0.0014167172637117,0.0170454545454545,1.0,0.1297932893948472,0.1460334960886229,0.128040163629602,0.4189496878442894,0.5068017366136035,0.4208064769690301,0.4359709618874773,0.5342990020346865,0.4500539201981068,0.3964397671294223,0.4921283182926025,0.2211507205547729,0.3537491066157049,0.0220410357494848,0.2188614021821324,0.2655395865764037,0.1950042750702332,0.07085547566948,0.0880592761470504,0.2249899076181394,0.2797730363821829,0.0451943876937868,0.0650173367069628,0.0898069618606587,0.0185901568880292,0.0149789678875551,0.0,0.0025018012969337,0.002919708029197,0.0034129692832764,0.0047846889952153,0.0108796296296296,0.0130718954248366,0.0027404085700049,0.0287245878426216,0.0216640502354788,0.0193735873425896,0.0132450331125827,0.055,0.0386904761904761,0.0096942580164056,0.0163934426229508,0.0212264150943396,0.0373423860329776,0.0415754923413566
19,0,21,0.0386373460004344,0.0257665515698361,0.0199312502890262,0.0081145584725537,0.0084745762711864,0.0144927536231884,0.013262599469496,0.0,0.0,0.0044444444444444,0.0244586202883832,0.0201763065128003,0.0384615384615384,0.0326218284333467,0.0381604696673189,0.0563294972743791,0.0176513851434175,0.0241545893719806,0.027835823837874,0.0171505942530464,0.0156899557462786,0.0154318399114346,0.016872956562354,0.0148552170635448,0.0206375153248876,0.0160965794768611,0.0245872848612574,0.0256692335900256,0.019776493256262,0.0267476724001893,0.0251981545013604,0.0222929936305732,0.0167064439140811,0.0106382978723404,0.0178571428571428,0.016030534351145,0.0201233365790327,0.02367941712204,0.0170454545454545,0.0493351783887852,0.0060665068903535,0.0,0.0073633320937151,0.0,0.0,0.0,0.0,0.0,0.0,0.0,0.0911336539094921,0.0,0.0,0.0220410357494848,0.0,0.0696883032255728,0.0067790399413704,0.0374075231843284,0.0396124251923625,0.1311892628758315,0.0573571914314858,0.0523599927893282,0.0479205322837597,0.0757323481970966,0.0185901568880292,0.0149789678875551,0.0,0.0025018012969337,0.0226277372262773,0.0255972696245733,0.0324295587453482,0.0300925925925925,0.0130718954248366,0.0097159940209267,0.0230605846060483,0.0177394034536891,0.0329350984824023,0.2649006622516556,0.4175,0.1949404761904762,0.0320656226696495,0.4316939890710382,0.080188679245283,0.1139670223084384,0.2837345003646973
20,0,8,0.0386373460004344,0.0257665515698361,0.0199312502890262,0.0081145584725537,0.0084745762711864,0.0144927536231884,0.013262599469496,0.0,0.0,0.0044444444444444,0.0244586202883832,0.0201763065128003,0.0384615384615384,0.0326218284333467,0.0381604696673189,0.0563294972743791,0.0176513851434175,0.0241545893719806,0.027835823837874,0.0171505942530464,0.0156899557462786,0.0154318399114346,0.016872956562354,0.0148552170635448,0.0206375153248876,0.0160965794768611,0.0245872848612574,0.0256692335900256,0.019776493256262,0.0267476724001893,0.0251981545013604,0.0222929936305732,0.0167064439140811,0.0106382978723404,0.0178571428571428,0.016030534351145,0.0201233365790327,0.02367941712204,0.0170454545454545,0.0493351783887852,0.0060665068903535,0.0,0.0073633320937151,0.0,0.0,0.0,0.0,0.0,0.0,0.0,0.0911336539094921,0.0,0.0,0.0220410357494848,0.0,0.0696883032255728,0.0067790399413704,0.0374075231843284,0.0396124251923625,0.1311892628758315,0.0573571914314858,0.0523599927893282,0.0479205322837597,0.0757323481970966,0.0185901568880292,0.0149789678875551,0.0,0.0025018012969337,0.0226277372262773,0.0255972696245733,0.0324295587453482,0.0300925925925925,0.0130718954248366,0.0097159940209267,0.0230605846060483,0.0216640502354788,0.0193735873425896,0.0132450331125827,0.055,0.0386904761904761,0.0096942580164056,0.0163934426229508,0.0212264150943396,0.0373423860329776,0.0415754923413566
21,0,22,0.0386373460004344,0.0257665515698361,0.0199312502890262,0.0081145584725537,0.0084745762711864,0.0144927536231884,0.013262599469496,0.0,0.0,0.0044444444444444,0.0244586202883832,0.0201763065128003,0.0384615384615384,0.0326218284333467,0.0381604696673189,0.0563294972743791,0.0176513851434175,0.0241545893719806,0.027835823837874,0.0171505942530464,0.0156899557462786,0.0154318399114346,0.016872956562354,0.0148552170635448,0.0206375153248876,0.0160965794768611,0.0245872848612574,0.0256692335900256,0.019776493256262,0.0267476724001893,0.0251981545013604,0.0222929936305732,0.0167064439140811,0.0106382978723404,0.0178571428571428,0.016030534351145,0.0201233365790327,0.02367941712204,0.0170454545454545,0.0493351783887852,0.0060665068903535,0.0,0.0073633320937151,0.0,0.0,0.0,0.0,0.0,0.0,0.0,0.0911336539094921,0.0,0.0,0.0220410357494848,0.0,0.0696883032255728,0.0067790399413704,0.0374075231843284,0.0396124251923625,0.1311892628758315,0.0573571914314858,0.0523599927893282,0.0479205322837597,0.0757323481970966,0.0185901568880292,0.0149789678875551,0.0,0.0025018012969337,0.0226277372262773,0.0255972696245733,0.0324295587453482,0.0300925925925925,0.0130718954248366,0.0097159940209267,0.0230605846060483,0.0055468341182626,0.0,0.0132450331125827,0.0275,0.0029761904761904,0.0,0.0,0.0212264150943396,0.004364694471387,0.0051057622173595
22,0,18,0.0200196635693185,0.0162159635074033,0.0061196491606677,0.0081145584725537,0.0084745762711864,0.0144927536231884,0.013262599469496,0.0,0.0,0.0044444444444444,0.0029790430247442,0.01207197442412,0.0,0.2307692307692307,0.0702054794520548,0.0012113870381586,0.0169159107624417,0.0346215780998389,0.0402554902811181,0.0242966751918158,0.0244065978275445,0.0,0.0,0.0,0.0043931344503473,0.0160965794768611,0.0,0.0077007700770077,0.0,0.0128609752248698,0.0147876493552584,0.0525477707006369,0.0167064439140811,0.0106382978723404,0.0178571428571428,0.0,0.0064913988964621,0.02367941712204,0.0170454545454545,0.1215330004211539,0.0137807070101857,0.0349398855462802,0.0166232800297508,0.1360998898273963,0.0556198745779064,0.14486715925169,0.1364791288566243,0.0568743338823757,0.149259096537125,0.0281385281385281,0.2187602924708517,0.1434608299924152,0.1665268326030887,0.0220410357494848,0.1442151885059954,0.175759330992289,0.0253450592402589,0.1511930811711993,0.1538899971501852,0.1188619303654905,0.0,0.0501517245523374,0.0514553462655796,0.0705811956917633,0.0185901568880292,0.0149789678875551,0.0,0.0025018012969337,0.0080291970802919,0.0255972696245733,0.0015948963317384,0.0,0.0130718954248366,0.0221723966118584,0.0148680084960048,0.0216640502354788,0.0193735873425896,0.0132450331125827,0.055,0.0386904761904761,0.0096942580164056,0.0163934426229508,0.0212264150943396,0.0373423860329776,0.0415754923413566
23,1,9,0.2146979581690036,0.0049355836210754,0.0533658070383672,0.0081145584725537,0.0084745762711864,0.0144927536231884,0.013262599469496,0.0,0.0,0.0044444444444444,0.1868968654458514,0.0036742953457268,1.0,0.4240837696335078,0.0381604696673189,0.001817080557238,0.0875214513361117,0.1015731450514059,0.1848756061980049,0.1769219196630058,0.0903848732734343,0.0154318399114346,0.016872956562354,0.0148552170635448,0.0491272111623562,0.0160965794768611,0.0066736916051984,0.1961862852951962,0.0430674373795761,0.1064383777812845,0.1346267597302732,0.0222929936305732,0.0167064439140811,0.0106382978723404,0.0178571428571428,0.0070883315158124,0.0068159688412852,0.0,0.0170454545454545,0.2500451236387702,0.1762657279808268,0.2657636373182128,0.1765712160654518,0.3633492471538744,0.0970574047274481,0.3695959754755542,0.3626497277676951,0.0874430772211995,0.3780804409473978,0.052881027018958,0.4224688755681444,0.2501173836096363,0.2320934713029427,0.0220410357494848,0.2485686507507832,0.3465590268978749,0.1200073286918285,0.1003438574554548,0.0361926474779139,0.1699586358610118,0.0426300578034682,0.2097178824660497,0.1355261924843032,0.3198657578438004,0.0185901568880292,0.0149789678875551,0.0,0.0025018012969337,0.0160583941605839,0.0119453924914675,0.0079744816586921,0.0083333333333333,0.0130718954248366,0.0034877927254608,0.0001011429149388,0.0216640502354788,0.0193735873425896,0.0132450331125827,0.055,0.0386904761904761,0.0096942580164056,0.0163934426229508,0.0212264150943396,0.0373423860329776,0.0415754923413566
24,0,8,0.0386373460004344,0.0257665515698361,0.0199312502890262,0.0081145584725537,0.0084745762711864,0.0144927536231884,0.013262599469496,0.0,0.0,0.0044444444444444,0.0244586202883832,0.0201763065128003,0.0384615384615384,0.0326218284333467,0.0381604696673189,0.0563294972743791,0.0176513851434175,0.0241545893719806,0.027835823837874,0.0171505942530464,0.0156899557462786,0.0154318399114346,0.016872956562354,0.0148552170635448,0.0206375153248876,0.0160965794768611,0.0245872848612574,0.0256692335900256,0.019776493256262,0.0267476724001893,0.0251981545013604,0.0222929936305732,0.0167064439140811,0.0106382978723404,0.0178571428571428,0.016030534351145,0.0201233365790327,0.02367941712204,0.0170454545454545,0.0493351783887852,0.0060665068903535,0.0,0.0073633320937151,0.0,0.0,0.0,0.0,0.0,0.0,0.0,0.0911336539094921,0.0,0.0,0.0220410357494848,0.0,0.0696883032255728,0.0067790399413704,0.0374075231843284,0.0396124251923625,0.1311892628758315,0.0573571914314858,0.0523599927893282,0.0479205322837597,0.0757323481970966,0.0185901568880292,0.0149789678875551,0.0,0.0025018012969337,0.0226277372262773,0.0255972696245733,0.0324295587453482,0.0300925925925925,0.0130718954248366,0.0097159940209267,0.0230605846060483,0.002145473574045,0.0067807555699063,0.0,0.025,0.0111607142857142,0.0,0.040983606557377,0.0188679245283018,0.0106692531522793,0.0145878920495988
25,1,3,0.0386373460004344,0.0257665515698361,0.0199312502890262,0.0081145584725537,0.0084745762711864,0.0144927536231884,0.013262599469496,0.0,0.0,0.0044444444444444,0.0663069810741904,0.0027743664450819,0.0384615384615384,0.008860249697946,0.1888454011741683,0.3567534827377346,0.0382446678107379,0.0805772327511458,0.0740842960217639,0.0829697607943433,0.0249430065710071,0.0002851535635808,0.0017515179822512,0.0002217196576648,0.018710958024403,0.0040241448692152,0.0028099754127151,0.1554822148881554,0.0095876685934489,0.0603597916995423,0.064592452383769,0.0254777070063694,0.0,0.0,0.0,0.0076335877862595,0.0021097046413502,0.0068811981380287,0.0,0.0501173214608026,0.0832459556620731,0.105370924555048,0.0810338415767943,0.1347778185824458,0.1113844669561022,0.1029319289419902,0.0977132486388384,0.112973549074702,0.1014897951032471,0.114158829676071,0.1724194717080561,0.1035504027160761,0.0761629532954227,0.1768210733805214,0.1088185517266213,0.1927379357781558,0.1217173567851471,0.1438991351463999,0.0535765175263607,0.0,0.2637070724243454,0.2570529383487561,0.2240014993908724,0.3007440553618815,0.0185901568880292,0.0001025956704627,0.0,0.0085261388199503,0.0,0.0017064846416382,0.0138224348750664,0.0092592592592592,0.0130718954248366,0.0097159940209267,0.0032365732780418,0.0216640502354788,0.0193735873425896,0.0132450331125827,0.055,0.0386904761904761,0.0096942580164056,0.0163934426229508,0.0212264150943396,0.0373423860329776,0.0415754923413566
26,0,22,0.1146108382548246,0.0119482531774071,0.0262050467837158,0.0081145584725537,0.0084745762711864,0.0144927536231884,0.013262599469496,0.0,0.0,0.0044444444444444,0.0923418705766606,0.0088948773660423,0.2307692307692307,0.2923882400322191,0.0007338551859099,0.0260448213204118,0.0120127482226035,0.0659606094388703,0.1245120845325868,0.0907928388746803,0.0485449912833579,1.6773739034168108e-05,0.0001167678654834,8.868786306593944e-05,0.0234105902271002,0.0422535211267605,0.0036002809975412,0.0539053905390539,0.0300732177263969,0.0340855294303298,0.062817934461138,0.0222929936305732,0.0167064439140811,0.0106382978723404,0.0357142857142857,0.0112322791712104,0.0082765335929892,0.0066788099574984,0.034090909090909,0.1664159797846098,0.0355377471539844,0.0990707197983934,0.0379695053923391,0.1797649651120088,0.2445730824891461,0.1809463920767175,0.1734301270417422,0.240674353260343,0.1805328114390701,0.1691297208538588,0.250675186087873,0.2162025499331816,0.18983250986607,0.0220410357494848,0.2134960930467034,0.1616768634833291,0.2248076218395016,0.2289257059497759,0.1182673126246794,0.2034711942944401,0.2080287317239034,0.1085130993870929,0.08746321806766,0.1781050002601592,0.0185901568880292,0.0149789678875551,0.0,0.0025018012969337,0.0145985401459854,0.0,0.0058479532163742,0.0148148148148148,0.0130718954248366,0.0022421524663677,0.0223525842014766,0.0216640502354788,0.0193735873425896,0.0132450331125827,0.055,0.0386904761904761,0.0096942580164056,0.0163934426229508,0.0212264150943396,0.0373423860329776,0.0415754923413566
27,1,8,0.1901610486639746,0.1589471645439427,0.0863995807192514,0.0081145584725537,0.0127118644067796,0.0028985507246376,0.013262599469496,0.0,0.0,0.0044444444444444,0.0244586202883832,0.0201763065128003,0.0384615384615384,0.0326218284333467,0.0381604696673189,0.0563294972743791,0.0176513851434175,0.0241545893719806,0.027835823837874,0.0171505942530464,0.0156899557462786,0.0154318399114346,0.016872956562354,0.0148552170635448,0.0206375153248876,0.0160965794768611,0.0245872848612574,0.0256692335900256,0.019776493256262,0.0267476724001893,0.0251981545013604,0.0222929936305732,0.0167064439140811,0.0106382978723404,0.0178571428571428,0.016030534351145,0.0201233365790327,0.02367941712204,0.0170454545454545,0.0493351783887852,0.0060665068903535,0.0,0.0073633320937151,0.0,0.0,0.0,0.0,0.0,0.0,0.0,0.0911336539094921,0.0,0.0,0.0220410357494848,0.0,0.0696883032255728,0.0067790399413704,0.0374075231843284,0.0396124251923625,0.1311892628758315,0.0573571914314858,0.0523599927893282,0.0479205322837597,0.0757323481970966,0.0185901568880292,0.0149789678875551,0.0,0.0025018012969337,0.0226277372262773,0.0255972696245733,0.0324295587453482,0.0300925925925925,0.0130718954248366,0.0097159940209267,0.0230605846060483,0.2091051805337519,0.1995479496286729,0.0066225165562913,0.185,0.3697916666666666,0.0566741237882177,0.1174863387978142,0.7712264150943395,0.2264791464597478,0.1436907366885485
28,1,0,0.0386373460004344,0.0257665515698361,0.0199312502890262,0.0081145584725537,0.0084745762711864,0.0144927536231884,0.013262599469496,0.0,0.0,0.0044444444444444,0.3100786018809441,0.0092727480646556,0.0,0.0,0.24779843444227,0.3640218049666868,0.0176513851434175,0.108695652173913,0.1325552970863068,0.1117797502632766,0.1149255732868445,0.0170253451196806,0.0171064922933208,0.013081459802226,0.0294237842255823,0.0160965794768611,0.0245872848612574,0.1353135313531353,0.0235221579961464,0.0615433170269843,0.0965337749911274,0.0159235668789808,0.0085918854415274,0.0106382978723404,0.0178571428571428,0.0127589967284623,0.0095748133722817,0.0010119409026512,0.0170454545454545,0.0027074183262138,0.3321599760335531,0.2605134666876674,0.3429527705466716,0.4134410576569959,0.4680656054027979,0.4200990410312844,0.4083847549909256,0.468171688789846,0.4268482645684386,0.4356247201074786,0.4456228179961794,0.3873297937660274,0.3241353593735434,0.1866320222202311,0.3852580029527205,0.3945263005466458,0.5897764748992305,0.0374075231843284,0.0396124251923625,0.1311892628758315,0.759223053383203,1.0,0.4628844531908912,0.3700764868099276,0.0425531914893617,0.0267774699907663,0.0,0.016812104715395,0.0678832116788321,0.0853242320819112,0.1754385964912281,0.1076388888888889,0.0130718954248366,0.0007473841554559,0.0044502882573075,0.0216640502354788,0.0193735873425896,0.0132450331125827,0.055,0.0386904761904761,0.0096942580164056,0.0163934426229508,0.0212264150943396,0.0373423860329776,0.0415754923413566
29,0,11,0.0386373460004344,0.0257665515698361,0.0199312502890262,0.0081145584725537,0.0084745762711864,0.0144927536231884,0.013262599469496,0.0,0.0,0.0044444444444444,0.0244586202883832,0.0201763065128003,0.0384615384615384,0.0326218284333467,0.0381604696673189,0.0563294972743791,0.0176513851434175,0.0241545893719806,0.027835823837874,0.0171505942530464,0.0156899557462786,0.0154318399114346,0.016872956562354,0.0148552170635448,0.0206375153248876,0.0160965794768611,0.0245872848612574,0.0256692335900256,0.019776493256262,0.0267476724001893,0.0251981545013604,0.0222929936305732,0.0167064439140811,0.0106382978723404,0.0178571428571428,0.016030534351145,0.0201233365790327,0.02367941712204,0.0170454545454545,0.0493351783887852,0.0060665068903535,0.0,0.0073633320937151,0.0,0.0,0.0,0.0,0.0,0.0,0.0,0.0911336539094921,0.0,0.0,0.0220410357494848,0.0,0.0696883032255728,0.0067790399413704,0.0374075231843284,0.0396124251923625,0.1311892628758315,0.0573571914314858,0.0523599927893282,0.0479205322837597,0.0757323481970966,0.0185901568880292,0.0149789678875551,0.0,0.0025018012969337,0.0226277372262773,0.0255972696245733,0.0324295587453482,0.0300925925925925,0.0130718954248366,0.0097159940209267,0.0230605846060483,0.0216640502354788,0.0193735873425896,0.0132450331125827,0.055,0.0386904761904761,0.0096942580164056,0.0163934426229508,0.0212264150943396,0.0373423860329776,0.0415754923413566
30,1,8,0.0386373460004344,0.0257665515698361,0.0199312502890262,0.0081145584725537,0.0084745762711864,0.0144927536231884,0.013262599469496,0.0,0.0,0.0044444444444444,0.1499254181345012,0.1464994754558065,0.0384615384615384,0.0334273056786145,0.3842954990215264,0.2816474863718958,0.0176513851434175,0.180354267310789,0.4080353270512163,0.1612757635023319,0.1455008716642081,0.0696110169917976,0.1359177954226996,0.1129439936144738,0.0940364294471364,0.2776659959758551,0.063839128907622,0.1763843050971764,0.0455183044315992,0.039529745936563,0.0362001656216727,0.0461783439490445,0.0229116945107398,0.0585106382978723,0.0833333333333333,0.0539803707742639,0.0717299578059071,0.0933009512244485,0.125,0.154503339149269,0.131141402037148,0.1407308237517719,0.1320565265898103,0.3414616232096952,0.1660395561987458,0.3466436094953624,0.3435934664246824,0.1625327003197365,0.354275672005432,0.3673309449171518,0.3828140438706277,0.3244121790009752,0.2817811752276188,0.2028044082071498,0.318857801303518,0.5269159758172537,0.3379748381580554,0.1518182765447535,0.2108862923909946,0.1696924310061373,0.1995919755185311,0.1891224011537075,0.2322781370068409,0.3592798792861231,0.3480550182677842,0.2817277110905919,0.8347826086956522,0.3952045472740373,0.2065693430656934,0.1348122866894198,0.1578947368421052,0.1442129629629629,0.1503267973856209,0.0221723966118584,0.0941640538080307,0.0216640502354788,0.0193735873425896,0.0132450331125827,0.055,0.0386904761904761,0.0096942580164056,0.0163934426229508,0.0212264150943396,0.0373423860329776,0.0415754923413566
31,0,15,0.0386373460004344,0.0257665515698361,0.0199312502890262,0.0081145584725537,0.0084745762711864,0.0144927536231884,0.013262599469496,0.0,0.0,0.0044444444444444,0.0244586202883832,0.0201763065128003,0.0384615384615384,0.0326218284333467,0.0381604696673189,0.0563294972743791,0.0176513851434175,0.0241545893719806,0.027835823837874,0.0171505942530464,0.0156899557462786,0.0154318399114346,0.016872956562354,0.0148552170635448,0.0206375153248876,0.0160965794768611,0.0245872848612574,0.0256692335900256,0.019776493256262,0.0267476724001893,0.0251981545013604,0.0222929936305732,0.0167064439140811,0.0106382978723404,0.0178571428571428,0.016030534351145,0.0201233365790327,0.02367941712204,0.0170454545454545,0.0493351783887852,0.0060665068903535,0.0,0.0073633320937151,0.0,0.0,0.0,0.0,0.0,0.0,0.0,0.0911336539094921,0.0,0.0,0.0220410357494848,0.0,0.0696883032255728,0.0067790399413704,0.0374075231843284,0.0396124251923625,0.1311892628758315,0.0573571914314858,0.0523599927893282,0.0479205322837597,0.0757323481970966,0.0185901568880292,0.0149789678875551,0.0,0.0025018012969337,0.0226277372262773,0.0255972696245733,0.0324295587453482,0.0300925925925925,0.0130718954248366,0.0097159940209267,0.0230605846060483,0.0216640502354788,0.0193735873425896,0.0132450331125827,0.055,0.0386904761904761,0.0096942580164056,0.0163934426229508,0.0212264150943396,0.0373423860329776,0.0415754923413566
32,0,16,0.0386373460004344,0.0257665515698361,0.0199312502890262,0.0081145584725537,0.0084745762711864,0.0144927536231884,0.013262599469496,0.0,0.0,0.0044444444444444,0.0244586202883832,0.0201763065128003,0.0384615384615384,0.0326218284333467,0.0381604696673189,0.0563294972743791,0.0176513851434175,0.0241545893719806,0.027835823837874,0.0171505942530464,0.0156899557462786,0.0154318399114346,0.016872956562354,0.0148552170635448,0.0206375153248876,0.0160965794768611,0.0245872848612574,0.0256692335900256,0.019776493256262,0.0267476724001893,0.0251981545013604,0.0222929936305732,0.0167064439140811,0.0106382978723404,0.0178571428571428,0.016030534351145,0.0201233365790327,0.02367941712204,0.0170454545454545,0.0493351783887852,0.0060665068903535,0.0,0.0073633320937151,0.0,0.0,0.0,0.0,0.0,0.0,0.0,0.0911336539094921,0.0,0.0,0.0220410357494848,0.0,0.0696883032255728,0.0067790399413704,0.0374075231843284,0.0396124251923625,0.1311892628758315,0.0573571914314858,0.0523599927893282,0.0479205322837597,0.0757323481970966,0.0185901568880292,0.0149789678875551,0.0,0.0025018012969337,0.0226277372262773,0.0255972696245733,0.0324295587453482,0.0300925925925925,0.0130718954248366,0.0097159940209267,0.0230605846060483,0.0216640502354788,0.0193735873425896,0.0132450331125827,0.055,0.0386904761904761,0.0096942580164056,0.0163934426229508,0.0212264150943396,0.0373423860329776,0.0415754923413566
33,0,13,0.0386373460004344,0.0257665515698361,0.0199312502890262,0.0081145584725537,0.0084745762711864,0.0144927536231884,0.013262599469496,0.0,0.0,0.0044444444444444,0.0244586202883832,0.0201763065128003,0.0384615384615384,0.0326218284333467,0.0381604696673189,0.0563294972743791,0.0176513851434175,0.0241545893719806,0.027835823837874,0.0171505942530464,0.0156899557462786,0.0154318399114346,0.016872956562354,0.0148552170635448,0.0206375153248876,0.0160965794768611,0.0245872848612574,0.0256692335900256,0.019776493256262,0.0267476724001893,0.0251981545013604,0.0222929936305732,0.0167064439140811,0.0106382978723404,0.0178571428571428,0.016030534351145,0.0201233365790327,0.02367941712204,0.0170454545454545,0.0493351783887852,0.0060665068903535,0.0,0.0073633320937151,0.0,0.0,0.0,0.0,0.0,0.0,0.0,0.0911336539094921,0.0,0.0,0.0220410357494848,0.0,0.0696883032255728,0.0067790399413704,0.0374075231843284,0.0396124251923625,0.1311892628758315,0.0573571914314858,0.0523599927893282,0.0479205322837597,0.0757323481970966,0.0185901568880292,0.0149789678875551,0.0,0.0025018012969337,0.0226277372262773,0.0255972696245733,0.0324295587453482,0.0300925925925925,0.0130718954248366,0.0097159940209267,0.0230605846060483,0.0001046572475143,0.0012915724895059,0.0132450331125827,0.0,0.0386904761904761,0.0096942580164056,0.0163934426229508,0.0212264150943396,0.0,0.0065645514223194
34,0,5,0.0386373460004344,0.0257665515698361,0.0199312502890262,0.0081145584725537,0.0084745762711864,0.0144927536231884,0.013262599469496,0.0,0.0,0.0044444444444444,0.0244586202883832,0.0201763065128003,0.0384615384615384,0.0326218284333467,0.0381604696673189,0.0563294972743791,0.0176513851434175,0.0241545893719806,0.027835823837874,0.0171505942530464,0.0156899557462786,0.0154318399114346,0.016872956562354,0.0148552170635448,0.0206375153248876,0.0160965794768611,0.0245872848612574,0.0256692335900256,0.019776493256262,0.0267476724001893,0.0251981545013604,0.0222929936305732,0.0167064439140811,0.0106382978723404,0.0178571428571428,0.016030534351145,0.0201233365790327,0.02367941712204,0.0170454545454545,0.0493351783887852,0.0060665068903535,0.0,0.0073633320937151,0.0,0.0,0.0,0.0,0.0,0.0,0.0,0.0911336539094921,0.0,0.0,0.0220410357494848,0.0,0.0696883032255728,0.0067790399413704,0.0374075231843284,0.0396124251923625,0.1311892628758315,0.0573571914314858,0.0523599927893282,0.0479205322837597,0.0757323481970966,0.0185901568880292,0.0149789678875551,0.0,0.0025018012969337,0.0226277372262773,0.0255972696245733,0.0324295587453482,0.0300925925925925,0.0130718954248366,0.0097159940209267,0.0230605846060483,0.0216640502354788,0.0193735873425896,0.0132450331125827,0.055,0.0386904761904761,0.0096942580164056,0.0163934426229508,0.0212264150943396,0.0373423860329776,0.0415754923413566
35,0,7,0.0386373460004344,0.0257665515698361,0.0199312502890262,0.0081145584725537,0.0084745762711864,0.0144927536231884,0.013262599469496,0.0,0.0,0.0044444444444444,0.0244586202883832,0.0201763065128003,0.0384615384615384,0.0326218284333467,0.0381604696673189,0.0563294972743791,0.0176513851434175,0.0241545893719806,0.027835823837874,0.0171505942530464,0.0156899557462786,0.0154318399114346,0.016872956562354,0.0148552170635448,0.0206375153248876,0.0160965794768611,0.0245872848612574,0.0256692335900256,0.019776493256262,0.0267476724001893,0.0251981545013604,0.0222929936305732,0.0167064439140811,0.0106382978723404,0.0178571428571428,0.016030534351145,0.0201233365790327,0.02367941712204,0.0170454545454545,0.0493351783887852,0.0060665068903535,0.0,0.0073633320937151,0.0,0.0,0.0,0.0,0.0,0.0,0.0,0.0911336539094921,0.0,0.0,0.0220410357494848,0.0,0.0696883032255728,0.0067790399413704,0.0374075231843284,0.0396124251923625,0.1311892628758315,0.0573571914314858,0.0523599927893282,0.0479205322837597,0.0757323481970966,0.0185901568880292,0.0149789678875551,0.0,0.0025018012969337,0.0226277372262773,0.0255972696245733,0.0324295587453482,0.0300925925925925,0.0130718954248366,0.0097159940209267,0.0230605846060483,0.0216640502354788,0.0193735873425896,0.0132450331125827,0.055,0.0386904761904761,0.0096942580164056,0.0163934426229508,0.0212264150943396,0.0373423860329776,0.0415754923413566
36,0,9,0.1601147564113762,0.0257665515698361,0.0055801334915912,0.0081145584725537,0.0084745762711864,0.0144927536231884,0.013262599469496,0.0,0.0,0.0044444444444444,0.0244586202883832,0.0201763065128003,0.0384615384615384,0.0326218284333467,0.0381604696673189,0.0563294972743791,0.0176513851434175,0.0241545893719806,0.027835823837874,0.0171505942530464,0.0156899557462786,0.0154318399114346,0.016872956562354,0.0148552170635448,0.0206375153248876,0.0160965794768611,0.0245872848612574,0.0256692335900256,0.019776493256262,0.0267476724001893,0.0251981545013604,0.0222929936305732,0.0167064439140811,0.0106382978723404,0.0178571428571428,0.016030534351145,0.0201233365790327,0.02367941712204,0.0170454545454545,0.0493351783887852,0.0060665068903535,0.0,0.0073633320937151,0.0,0.0,0.0,0.0,0.0,0.0,0.0,0.0911336539094921,0.0,0.0,0.0220410357494848,0.0,0.0696883032255728,0.0067790399413704,0.0374075231843284,0.0396124251923625,0.1311892628758315,0.0573571914314858,0.0523599927893282,0.0479205322837597,0.0757323481970966,0.0185901568880292,0.0149789678875551,0.0,0.0025018012969337,0.0226277372262773,0.0255972696245733,0.0324295587453482,0.0300925925925925,0.0130718954248366,0.0097159940209267,0.0230605846060483,0.0113553113553113,0.0122699386503067,0.0463576158940397,0.04,0.025297619047619,0.0096942580164056,0.0136612021857923,0.0094339622641509,0.0121241513094083,0.0233406272793581
37,0,19,0.0386373460004344,0.0257665515698361,0.0199312502890262,0.0081145584725537,0.0084745762711864,0.0144927536231884,0.013262599469496,0.0,0.0,0.0044444444444444,0.0244586202883832,0.0201763065128003,0.0384615384615384,0.0326218284333467,0.0381604696673189,0.0563294972743791,0.0176513851434175,0.0241545893719806,0.027835823837874,0.0171505942530464,0.0156899557462786,0.0154318399114346,0.016872956562354,0.0148552170635448,0.0206375153248876,0.0160965794768611,0.0245872848612574,0.0256692335900256,0.019776493256262,0.0267476724001893,0.0251981545013604,0.0222929936305732,0.0167064439140811,0.0106382978723404,0.0178571428571428,0.016030534351145,0.0201233365790327,0.02367941712204,0.0170454545454545,0.0493351783887852,0.0060665068903535,0.0,0.0073633320937151,0.0,0.0,0.0,0.0,0.0,0.0,0.0,0.0911336539094921,0.0,0.0,0.0220410357494848,0.0,0.0696883032255728,0.0067790399413704,0.0374075231843284,0.0396124251923625,0.1311892628758315,0.0573571914314858,0.0523599927893282,0.0479205322837597,0.0757323481970966,0.0185901568880292,0.0149789678875551,0.0,0.0025018012969337,0.0226277372262773,0.0255972696245733,0.0324295587453482,0.0300925925925925,0.0130718954248366,0.0097159940209267,0.0230605846060483,0.0021978021978021,0.0058120762027768,0.0,0.06,0.0305059523809523,0.0096942580164056,0.0546448087431694,0.0377358490566037,0.013094083414161,0.0131291028446389
38,0,1,0.0386373460004344,0.0257665515698361,0.0199312502890262,0.0081145584725537,0.0084745762711864,0.0144927536231884,0.013262599469496,0.0,0.0,0.0044444444444444,0.0244586202883832,0.0201763065128003,0.0384615384615384,0.0326218284333467,0.0381604696673189,0.0563294972743791,0.0176513851434175,0.0241545893719806,0.027835823837874,0.0171505942530464,0.0156899557462786,0.0154318399114346,0.016872956562354,0.0148552170635448,0.0206375153248876,0.0160965794768611,0.0245872848612574,0.0256692335900256,0.019776493256262,0.0267476724001893,0.0251981545013604,0.0222929936305732,0.0167064439140811,0.0106382978723404,0.0178571428571428,0.016030534351145,0.0201233365790327,0.02367941712204,0.0170454545454545,0.0493351783887852,0.0060665068903535,0.0,0.0073633320937151,0.0,0.0,0.0,0.0,0.0,0.0,0.0,0.0911336539094921,0.0,0.0,0.0220410357494848,0.0,0.0696883032255728,0.0067790399413704,0.0374075231843284,0.0396124251923625,0.1311892628758315,0.0573571914314858,0.0523599927893282,0.0479205322837597,0.0757323481970966,0.0185901568880292,0.0149789678875551,0.0,0.0025018012969337,0.0226277372262773,0.0255972696245733,0.0324295587453482,0.0300925925925925,0.0130718954248366,0.0097159940209267,0.0230605846060483,0.0205651491365777,0.0174362286083306,0.0,0.1975,0.0811011904761904,0.0111856823266219,0.0163934426229508,0.0117924528301886,0.0897187196896217,0.061269146608315
39,0,0,0.0386373460004344,0.0257665515698361,0.0199312502890262,0.0081145584725537,0.0084745762711864,0.0144927536231884,0.013262599469496,0.0,0.0,0.0044444444444444,0.0244586202883832,0.0201763065128003,0.0384615384615384,0.0326218284333467,0.0381604696673189,0.0563294972743791,0.0176513851434175,0.0241545893719806,0.027835823837874,0.0171505942530464,0.0156899557462786,0.0154318399114346,0.016872956562354,0.0148552170635448,0.0206375153248876,0.0160965794768611,0.0245872848612574,0.0256692335900256,0.019776493256262,0.0267476724001893,0.0251981545013604,0.0222929936305732,0.0167064439140811,0.0106382978723404,0.0178571428571428,0.016030534351145,0.0201233365790327,0.02367941712204,0.0170454545454545,0.0493351783887852,0.0060665068903535,0.0,0.0073633320937151,0.0,0.0,0.0,0.0,0.0,0.0,0.0,0.0911336539094921,0.0,0.0,0.0220410357494848,0.0,0.0696883032255728,0.0067790399413704,0.0374075231843284,0.0396124251923625,0.1311892628758315,0.0573571914314858,0.0523599927893282,0.0479205322837597,0.0757323481970966,0.0185901568880292,0.0149789678875551,0.0,0.0025018012969337,0.0226277372262773,0.0255972696245733,0.0324295587453482,0.0300925925925925,0.0130718954248366,0.0097159940209267,0.0230605846060483,0.0216640502354788,0.0193735873425896,0.0132450331125827,0.055,0.0386904761904761,0.0096942580164056,0.0163934426229508,0.0212264150943396,0.0373423860329776,0.0415754923413566
40,1,2,0.2567036422394969,0.0241102258079597,0.0377044379017464,0.0081145584725537,0.0084745762711864,0.0144927536231884,0.013262599469496,0.0,0.0,0.0044444444444444,0.2265807652839929,0.0179488581841324,0.0384615384615384,0.0922271445831655,0.0004892367906066,0.0357359176256814,0.0482961510174062,0.0307816177381394,0.134092970074518,0.0300887618474499,0.0512270350006705,0.0003690222587516,0.000583839327417,0.0003990953837967,0.0342985580010508,0.0422535211267605,0.0163329820864067,0.3303997066373304,0.0256955684007707,0.0606753984535269,0.0779604874009227,0.0063694267515923,0.0167064439140811,0.0106382978723404,0.0,0.0133042529989094,0.0014605647517039,0.0034405990690143,0.0,0.2317550087239035,0.0928325344517675,0.1175250695647608,0.0972480476013387,0.3410576569959603,0.4306801736613603,0.3236519415186292,0.3375317604355717,0.4323708942931887,0.3287933857890322,0.3187416032243618,0.4027402674395626,0.1998049626178351,0.3303812808800224,0.0220410357494848,0.1965359547729646,0.1534590739601057,0.3917796506656895,0.6265499635302698,1.0,0.2245979136560165,0.1337980278816729,0.1552172214878019,0.1653040952113204,0.5748217909360529,0.0185901568880292,0.0149789678875551,0.0,0.0025018012969337,0.0562043795620437,0.0034129692832764,0.0085061137692716,0.0125,0.0,0.0037369207772795,0.0,0.0216640502354788,0.0193735873425896,0.0132450331125827,0.055,0.0386904761904761,0.0096942580164056,0.0163934426229508,0.0212264150943396,0.0373423860329776,0.0415754923413566
41,0,0,0.0386373460004344,0.0257665515698361,0.0199312502890262,0.0081145584725537,0.0084745762711864,0.0144927536231884,0.013262599469496,0.0,0.0,0.0044444444444444,0.0244586202883832,0.0201763065128003,0.0384615384615384,0.0326218284333467,0.0381604696673189,0.0563294972743791,0.0176513851434175,0.0241545893719806,0.027835823837874,0.0171505942530464,0.0156899557462786,0.0154318399114346,0.016872956562354,0.0148552170635448,0.0206375153248876,0.0160965794768611,0.0245872848612574,0.0256692335900256,0.019776493256262,0.0267476724001893,0.0251981545013604,0.0222929936305732,0.0167064439140811,0.0106382978723404,0.0178571428571428,0.016030534351145,0.0201233365790327,0.02367941712204,0.0170454545454545,0.0493351783887852,0.0060665068903535,0.0,0.0073633320937151,0.0,0.0,0.0,0.0,0.0,0.0,0.0,0.0911336539094921,0.0,0.0,0.0220410357494848,0.0,0.0696883032255728,0.0067790399413704,0.0374075231843284,0.0396124251923625,0.1311892628758315,0.0573571914314858,0.0523599927893282,0.0479205322837597,0.0757323481970966,0.0185901568880292,0.0149789678875551,0.0,0.0025018012969337,0.0226277372262773,0.0255972696245733,0.0324295587453482,0.0300925925925925,0.0130718954248366,0.0097159940209267,0.0230605846060483,0.0216640502354788,0.0193735873425896,0.0132450331125827,0.055,0.0386904761904761,0.0096942580164056,0.0163934426229508,0.0212264150943396,0.0373423860329776,0.0415754923413566
42,0,2,0.0386373460004344,0.0257665515698361,0.0199312502890262,0.0081145584725537,0.0084745762711864,0.0144927536231884,0.013262599469496,0.0,0.0,0.0044444444444444,0.0244586202883832,0.0201763065128003,0.0384615384615384,0.0326218284333467,0.0381604696673189,0.0563294972743791,0.0176513851434175,0.0241545893719806,0.027835823837874,0.0171505942530464,0.0156899557462786,0.0154318399114346,0.016872956562354,0.0148552170635448,0.0206375153248876,0.0160965794768611,0.0245872848612574,0.0256692335900256,0.019776493256262,0.0267476724001893,0.0251981545013604,0.0222929936305732,0.0167064439140811,0.0106382978723404,0.0178571428571428,0.016030534351145,0.0201233365790327,0.02367941712204,0.0170454545454545,0.0493351783887852,0.0060665068903535,0.0,0.0073633320937151,0.0,0.0,0.0,0.0,0.0,0.0,0.0,0.0911336539094921,0.0,0.0,0.0220410357494848,0.0,0.0696883032255728,0.0067790399413704,0.0374075231843284,0.0396124251923625,0.1311892628758315,0.0573571914314858,0.0523599927893282,0.0479205322837597,0.0757323481970966,0.0185901568880292,0.0149789678875551,0.0,0.0025018012969337,0.0226277372262773,0.0255972696245733,0.0324295587453482,0.0300925925925925,0.0130718954248366,0.0097159940209267,0.0230605846060483,0.0006279434850863,0.0016144656118824,0.0,0.02,0.0052083333333333,0.0096942580164056,0.0163934426229508,0.0023584905660377,0.007274490785645,0.0072939460247994
43,0,3,0.0386373460004344,0.0257665515698361,0.0199312502890262,0.0081145584725537,0.0084745762711864,0.0144927536231884,0.013262599469496,0.0,0.0,0.0044444444444444,0.0244586202883832,0.0201763065128003,0.0384615384615384,0.0326218284333467,0.0381604696673189,0.0563294972743791,0.0176513851434175,0.0241545893719806,0.027835823837874,0.0171505942530464,0.0156899557462786,0.0154318399114346,0.016872956562354,0.0148552170635448,0.0206375153248876,0.0160965794768611,0.0245872848612574,0.0256692335900256,0.019776493256262,0.0267476724001893,0.0251981545013604,0.0222929936305732,0.0167064439140811,0.0106382978723404,0.0178571428571428,0.016030534351145,0.0201233365790327,0.02367941712204,0.0170454545454545,0.0493351783887852,0.0060665068903535,0.0,0.0073633320937151,0.0,0.0,0.0,0.0,0.0,0.0,0.0,0.0911336539094921,0.0,0.0,0.0220410357494848,0.0,0.0696883032255728,0.0067790399413704,0.0374075231843284,0.0396124251923625,0.1311892628758315,0.0573571914314858,0.0523599927893282,0.0479205322837597,0.0757323481970966,0.0185901568880292,0.0149789678875551,0.0,0.0025018012969337,0.0226277372262773,0.0255972696245733,0.0324295587453482,0.0300925925925925,0.0130718954248366,0.0097159940209267,0.0230605846060483,0.0023024594453165,0.0048433968356474,0.0,0.0175,0.0066964285714285,0.0007457121551081,0.0300546448087431,0.0070754716981132,0.010184287099903,0.0109409190371991
44,0,19,0.0386373460004344,0.0257665515698361,0.0199312502890262,0.0081145584725537,0.0084745762711864,0.0144927536231884,0.013262599469496,0.0,0.0,0.0044444444444444,0.0244586202883832,0.0201763065128003,0.0384615384615384,0.0326218284333467,0.0381604696673189,0.0563294972743791,0.0176513851434175,0.0241545893719806,0.027835823837874,0.0171505942530464,0.0156899557462786,0.0154318399114346,0.016872956562354,0.0148552170635448,0.0206375153248876,0.0160965794768611,0.0245872848612574,0.0256692335900256,0.019776493256262,0.0267476724001893,0.0251981545013604,0.0222929936305732,0.0167064439140811,0.0106382978723404,0.0178571428571428,0.016030534351145,0.0201233365790327,0.02367941712204,0.0170454545454545,0.0493351783887852,0.0060665068903535,0.0,0.0073633320937151,0.0,0.0,0.0,0.0,0.0,0.0,0.0,0.0911336539094921,0.0,0.0,0.0220410357494848,0.0,0.0696883032255728,0.0067790399413704,0.0374075231843284,0.0396124251923625,0.1311892628758315,0.0573571914314858,0.0523599927893282,0.0479205322837597,0.0757323481970966,0.0185901568880292,0.0149789678875551,0.0,0.0025018012969337,0.0226277372262773,0.0255972696245733,0.0324295587453482,0.0300925925925925,0.0130718954248366,0.0097159940209267,0.0230605846060483,5.232862375719518e-05,0.0016144656118824,0.0132450331125827,0.055,0.0386904761904761,0.0096942580164056,0.0163934426229508,0.0212264150943396,0.0373423860329776,0.0415754923413566
45,0,0,0.4764944200702782,0.0742207588376333,0.0331108473478951,0.0081145584725537,0.0084745762711864,0.0144927536231884,0.013262599469496,0.0,0.0,0.0044444444444444,0.0244586202883832,0.0201763065128003,0.0384615384615384,0.0326218284333467,0.0381604696673189,0.0563294972743791,0.0176513851434175,0.0241545893719806,0.027835823837874,0.0171505942530464,0.0156899557462786,0.0154318399114346,0.016872956562354,0.0148552170635448,0.0206375153248876,0.0160965794768611,0.0245872848612574,0.0256692335900256,0.019776493256262,0.0267476724001893,0.0251981545013604,0.0222929936305732,0.0167064439140811,0.0106382978723404,0.0178571428571428,0.016030534351145,0.0201233365790327,0.02367941712204,0.0170454545454545,0.0493351783887852,0.0060665068903535,0.0,0.0073633320937151,0.0,0.0,0.0,0.0,0.0,0.0,0.0,0.0911336539094921,0.0,0.0,0.0220410357494848,0.0,0.0696883032255728,0.0067790399413704,0.0374075231843284,0.0396124251923625,0.1311892628758315,0.0573571914314858,0.0523599927893282,0.0479205322837597,0.0757323481970966,0.0185901568880292,0.0149789678875551,0.0,0.0025018012969337,0.0226277372262773,0.0255972696245733,0.0324295587453482,0.0300925925925925,0.0130718954248366,0.0097159940209267,0.0230605846060483,0.0124018838304552,0.0122699386503067,0.0132450331125827,0.0124999999999999,0.0074404761904761,0.0096942580164056,0.0163934426229508,0.0212264150943396,0.0266731328806983,0.0058351568198395
46,1,15,0.8796938933195375,0.7462348643215408,0.9116273334052688,0.0081145584725537,0.4788135593220339,0.9217391304347828,0.4244031830238726,0.1818181818181818,0.0352941176470588,0.0177777777777777,0.0244586202883832,0.0201763065128003,0.0384615384615384,0.0326218284333467,0.0381604696673189,0.0563294972743791,0.0176513851434175,0.0241545893719806,0.027835823837874,0.0171505942530464,0.0156899557462786,0.0154318399114346,0.016872956562354,0.0148552170635448,0.0206375153248876,0.0160965794768611,0.0245872848612574,0.0256692335900256,0.019776493256262,0.0267476724001893,0.0251981545013604,0.0222929936305732,0.0167064439140811,0.0106382978723404,0.0178571428571428,0.016030534351145,0.0201233365790327,0.02367941712204,0.0170454545454545,0.0493351783887852,0.0060665068903535,0.0,0.0073633320937151,0.0,0.0,0.0,0.0,0.0,0.0,0.0,0.0911336539094921,0.0,0.0,0.0220410357494848,0.0,0.0696883032255728,0.0067790399413704,0.0374075231843284,0.0396124251923625,0.1311892628758315,0.0573571914314858,0.0523599927893282,0.0479205322837597,0.0757323481970966,0.0185901568880292,0.0149789678875551,0.0,0.0025018012969337,0.0226277372262773,0.0255972696245733,0.0324295587453482,0.0300925925925925,0.0130718954248366,0.0097159940209267,0.0230605846060483,1.0,0.1830804003874717,0.0331125827814569,0.8650000000000001,0.988095238095238,0.1043997017151379,0.2185792349726776,0.0849056603773584,1.0,1.0
47,0,17,0.0386373460004344,0.0257665515698361,0.0199312502890262,0.0081145584725537,0.0084745762711864,0.0144927536231884,0.013262599469496,0.0,0.0,0.0044444444444444,0.0244586202883832,0.0201763065128003,0.0384615384615384,0.0326218284333467,0.0381604696673189,0.0563294972743791,0.0176513851434175,0.0241545893719806,0.027835823837874,0.0171505942530464,0.0156899557462786,0.0154318399114346,0.016872956562354,0.0148552170635448,0.0206375153248876,0.0160965794768611,0.0245872848612574,0.0256692335900256,0.019776493256262,0.0267476724001893,0.0251981545013604,0.0222929936305732,0.0167064439140811,0.0106382978723404,0.0178571428571428,0.016030534351145,0.0201233365790327,0.02367941712204,0.0170454545454545,0.0493351783887852,0.0060665068903535,0.0,0.0073633320937151,0.0,0.0,0.0,0.0,0.0,0.0,0.0,0.0911336539094921,0.0,0.0,0.0220410357494848,0.0,0.0696883032255728,0.0067790399413704,0.0374075231843284,0.0396124251923625,0.1311892628758315,0.0573571914314858,0.0523599927893282,0.0479205322837597,0.0757323481970966,0.0185901568880292,0.0149789678875551,0.0,0.0025018012969337,0.0226277372262773,0.0255972696245733,0.0324295587453482,0.0300925925925925,0.0130718954248366,0.0097159940209267,0.0230605846060483,0.0216640502354788,0.0193735873425896,0.0132450331125827,0.055,0.0386904761904761,0.0096942580164056,0.0163934426229508,0.0212264150943396,0.0373423860329776,0.0415754923413566
48,1,15,0.9302951103108322,0.7287699777598193,1.0,0.5708830548926015,0.3135593220338983,0.5391304347826088,0.3925729442970822,0.0909090909090909,0.0352941176470588,0.0044444444444444,0.8629407470881336,0.5425328275169421,0.576923076923077,0.4200563834071688,0.0163894324853228,0.2337976983646275,0.5013483696984555,0.5245261984392419,0.2354216772463825,0.236046336693245,0.2479549416655491,0.2611671167619974,0.3413124708080336,0.2870382688129129,0.9454288049506684,0.1167002012072434,1.0,0.4587458745874587,0.9656416184971096,0.804876124349061,1.0,0.2484076433121019,0.5708830548926015,0.1063829787234042,0.8690476190476191,0.5314067611777535,0.9148003894839336,1.0,0.8636363636363636,0.4823416160279165,1.0,1.0000000000000002,1.0000000000000002,1.0000000000000002,1.0,0.9559817638736048,1.0,1.0,1.0,0.7534706672637707,1.0,0.9294614801170225,1.0,0.0130812651196129,0.9202045299052968,0.7051370234949136,0.6569561499938927,0.3417734708763155,0.2140210886292391,0.4186349249068283,0.9689093845630738,0.3282057445018627,0.1971474088651485,0.4687028461418387,0.0185901568880292,0.0149789678875551,0.0,0.0025018012969337,0.4211678832116788,0.7218430034129694,0.4093567251461988,0.6226851851851852,0.3921568627450981,1.0,0.6559118033781733,0.0216640502354788,0.0193735873425896,0.0132450331125827,0.055,0.0386904761904761,0.0096942580164056,0.0163934426229508,0.0212264150943396,0.0373423860329776,0.0415754923413566
49,0,1,0.0386373460004344,0.0257665515698361,0.0199312502890262,0.0081145584725537,0.0084745762711864,0.0144927536231884,0.013262599469496,0.0,0.0,0.0044444444444444,0.0244586202883832,0.0201763065128003,0.0384615384615384,0.0326218284333467,0.0381604696673189,0.0563294972743791,0.0176513851434175,0.0241545893719806,0.027835823837874,0.0171505942530464,0.0156899557462786,0.0154318399114346,0.016872956562354,0.0148552170635448,0.0206375153248876,0.0160965794768611,0.0245872848612574,0.0256692335900256,0.019776493256262,0.0267476724001893,0.0251981545013604,0.0222929936305732,0.0167064439140811,0.0106382978723404,0.0178571428571428,0.016030534351145,0.0201233365790327,0.02367941712204,0.0170454545454545,0.0493351783887852,0.0060665068903535,0.0,0.0073633320937151,0.0,0.0,0.0,0.0,0.0,0.0,0.0,0.0911336539094921,0.0,0.0,0.0220410357494848,0.0,0.0696883032255728,0.0067790399413704,0.0374075231843284,0.0396124251923625,0.1311892628758315,0.0573571914314858,0.0523599927893282,0.0479205322837597,0.0757323481970966,0.0185901568880292,0.0149789678875551,0.0,0.0025018012969337,0.0226277372262773,0.0255972696245733,0.0324295587453482,0.0300925925925925,0.0130718954248366,0.0097159940209267,0.0230605846060483,0.0216640502354788,0.0193735873425896,0.0132450331125827,0.055,0.0386904761904761,0.0096942580164056,0.0163934426229508,0.0212264150943396,0.0373423860329776,0.0415754923413566
50,0,21,0.0386373460004344,0.0257665515698361,0.0199312502890262,0.0081145584725537,0.0084745762711864,0.0144927536231884,0.013262599469496,0.0,0.0,0.0044444444444444,0.0244586202883832,0.0201763065128003,0.0384615384615384,0.0326218284333467,0.0381604696673189,0.0563294972743791,0.0176513851434175,0.0241545893719806,0.027835823837874,0.0171505942530464,0.0156899557462786,0.0154318399114346,0.016872956562354,0.0148552170635448,0.0206375153248876,0.0160965794768611,0.0245872848612574,0.0256692335900256,0.019776493256262,0.0267476724001893,0.0251981545013604,0.0222929936305732,0.0167064439140811,0.0106382978723404,0.0178571428571428,0.016030534351145,0.0201233365790327,0.02367941712204,0.0170454545454545,0.0493351783887852,0.0060665068903535,0.0,0.0073633320937151,0.0,0.0,0.0,0.0,0.0,0.0,0.0,0.0911336539094921,0.0,0.0,0.0220410357494848,0.0,0.0696883032255728,0.0067790399413704,0.0374075231843284,0.0396124251923625,0.1311892628758315,0.0573571914314858,0.0523599927893282,0.0479205322837597,0.0757323481970966,0.0185901568880292,0.0149789678875551,0.0,0.0025018012969337,0.0226277372262773,0.0255972696245733,0.0324295587453482,0.0300925925925925,0.0130718954248366,0.0097159940209267,0.0230605846060483,0.0017791732077446,0.0051662899580238,0.0132450331125827,0.055,0.0386904761904761,0.0096942580164056,0.0163934426229508,0.0212264150943396,0.0373423860329776,0.0415754923413566
51,0,18,0.0386373460004344,0.0257665515698361,0.0199312502890262,0.0081145584725537,0.0084745762711864,0.0144927536231884,0.013262599469496,0.0,0.0,0.0044444444444444,0.0244586202883832,0.0201763065128003,0.0384615384615384,0.0326218284333467,0.0381604696673189,0.0563294972743791,0.0176513851434175,0.0241545893719806,0.027835823837874,0.0171505942530464,0.0156899557462786,0.0154318399114346,0.016872956562354,0.0148552170635448,0.0206375153248876,0.0160965794768611,0.0245872848612574,0.0256692335900256,0.019776493256262,0.0267476724001893,0.0251981545013604,0.0222929936305732,0.0167064439140811,0.0106382978723404,0.0178571428571428,0.016030534351145,0.0201233365790327,0.02367941712204,0.0170454545454545,0.0493351783887852,0.0060665068903535,0.0,0.0073633320937151,0.0,0.0,0.0,0.0,0.0,0.0,0.0,0.0911336539094921,0.0,0.0,0.0220410357494848,0.0,0.0696883032255728,0.0067790399413704,0.0374075231843284,0.0396124251923625,0.1311892628758315,0.0573571914314858,0.0523599927893282,0.0479205322837597,0.0757323481970966,0.0185901568880292,0.0149789678875551,0.0,0.0025018012969337,0.0226277372262773,0.0255972696245733,0.0324295587453482,0.0300925925925925,0.0130718954248366,0.0097159940209267,0.0230605846060483,0.0009942438513867,0.0009686793671294,0.0,0.0049999999999999,0.0007440476190476,0.0,0.0163934426229508,0.0212264150943396,0.0179437439379243,0.0058351568198395
